date,open,high,low,close,volume,dividend,ratio
2018-01-02,,,,,,0.0,1
2018-01-03,,,,,,0.0,1
2018-01-04,,,,,,0.0,1
2018-01-05,,,,,,0.0,1
2018-01-08,,,,,,0.0,1
2018-01-09,,,,,,0.0,1
2018-01-10,,,,,,0.0,1
2018-01-11,,,,,,0.0,1
2018-01-12,,,,,,0.0,1
2018-01-16,,,,,,0.0,1
2018-01-17,,,,,,0.0,1
2018-01-18,,,,,,0.0,1
2018-01-19,,,,,,0.0,1
2018-01-22,,,,,,0.0,1
2018-01-23,,,,,,0.0,1
2018-01-24,,,,,,0.0,1
2018-01-25,,,,,,0.0,1
2018-01-26,,,,,,0.0,1
2018-01-29,,,,,,0.0,1
2018-01-30,,,,,,0.0,1
2018-01-31,,,,,,0.0,1
2018-02-01,,,,,,0.0,1
2018-02-02,,,,,,0.0,1
2018-02-05,,,,,,0.0,1
2018-02-06,,,,,,0.0,1
2018-02-07,,,,,,0.0,1
2018-02-08,,,,,,0.0,1
2018-02-09,,,,,,0.0,1
2018-02-12,,,,,,0.0,1
2018-02-13,,,,,,0.0,1
2018-02-14,,,,,,0.0,1
2018-02-15,,,,,,0.0,1
2018-02-16,,,,,,0.0,1
2018-02-20,,,,,,0.0,1
2018-02-21,,,,,,0.0,1
2018-02-22,,,,,,0.0,1
2018-02-23,,,,,,0.0,1
2018-02-26,,,,,,0.0,1
2018-02-27,,,,,,0.0,1
2018-02-28,,,,,,0.0,1
2018-03-01,,,,,,0.0,1
2018-03-02,,,,,,0.0,1
2018-03-05,,,,,,0.0,1
2018-03-06,,,,,,0.0,1
2018-03-07,,,,,,0.0,1
2018-03-08,,,,,,0.0,1
2018-03-09,,,,,,0.0,1
2018-03-12,,,,,,0.0,1
2018-03-13,,,,,,0.0,1
2018-03-14,,,,,,0.0,1
2018-03-15,,,,,,0.0,1
2018-03-16,,,,,,0.0,1
2018-03-19,,,,,,0.0,1
2018-03-20,,,,,,0.0,1
2018-03-21,,,,,,0.0,1
2018-03-22,,,,,,0.0,1
2018-03-23,,,,,,0.0,1
2018-03-26,,,,,,0.0,1
2018-03-27,,,,,,0.0,1
2018-03-28,,,,,,0.0,1
2018-03-29,,,,,,0.0,1
2018-04-02,,,,,,0.0,1
2018-04-03,,,,,,0.0,1
2018-04-04,,,,,,0.0,1
2018-04-05,,,,,,0.0,1
2018-04-06,,,,,,0.0,1
2018-04-09,,,,,,0.0,1
2018-04-10,,,,,,0.0,1
2018-04-11,,,,,,0.0,1
2018-04-12,,,,,,0.0,1
2018-04-13,,,,,,0.0,1
2018-04-16,,,,,,0.0,1
2018-04-17,,,,,,0.0,1
2018-04-18,,,,,,0.0,1
2018-04-19,,,,,,0.0,1
2018-04-20,,,,,,0.0,1
2018-04-23,,,,,,0.0,1
2018-04-24,,,,,,0.0,1
2018-04-25,,,,,,0.0,1
2018-04-26,,,,,,0.0,1
2018-04-27,,,,,,0.0,1
2018-04-30,,,,,,0.0,1
2018-05-01,,,,,,0.0,1
2018-05-02,,,,,,0.0,1
2018-05-03,,,,,,0.0,1
2018-05-04,,,,,,0.0,1
2018-05-07,,,,,,0.0,1
2018-05-08,,,,,,0.0,1
2018-05-09,,,,,,0.0,1
2018-05-10,,,,,,0.0,1
2018-05-11,,,,,,0.0,1
2018-05-14,,,,,,0.0,1
2018-05-15,,,,,,0.0,1
2018-05-16,,,,,,0.0,1
2018-05-17,,,,,,0.0,1
2018-05-18,,,,,,0.0,1
2018-05-21,,,,,,0.0,1
2018-05-22,,,,,,0.0,1
2018-05-23,,,,,,0.0,1
2018-05-24,,,,,,0.0,1
2018-05-25,,,,,,0.0,1
2018-05-29,,,,,,0.0,1
2018-05-30,,,,,,0.0,1
2018-05-31,,,,,,0.0,1
2018-06-01,,,,,,0.0,1
2018-06-04,,,,,,0.0,1
2018-06-05,,,,,,0.0,1
2018-06-06,,,,,,0.0,1
2018-06-07,,,,,,0.0,1
2018-06-08,,,,,,0.0,1
2018-06-11,,,,,,0.0,1
2018-06-12,,,,,,0.0,1
2018-06-13,,,,,,0.0,1
2018-06-14,,,,,,0.0,1
2018-06-15,,,,,,0.0,1
2018-06-18,,,,,,0.0,1
2018-06-19,,,,,,0.0,1
2018-06-20,,,,,,0.0,1
2018-06-21,,,,,,0.0,1
2018-06-22,,,,,,0.0,1
2018-06-25,,,,,,0.0,1
2018-06-26,,,,,,0.0,1
2018-06-27,,,,,,0.0,1
2018-06-28,,,,,,0.0,1
2018-06-29,,,,,,0.0,1
2018-07-02,,,,,,0.0,1
2018-07-03,,,,,,0.0,1
2018-07-05,,,,,,0.0,1
2018-07-06,,,,,,0.0,1
2018-07-09,,,,,,0.0,1
2018-07-10,,,,,,0.0,1
2018-07-11,,,,,,0.0,1
2018-07-12,,,,,,0.0,1
2018-07-13,,,,,,0.0,1
2018-07-16,,,,,,0.0,1
2018-07-17,,,,,,0.0,1
2018-07-18,,,,,,0.0,1
2018-07-19,,,,,,0.0,1
2018-07-20,,,,,,0.0,1
2018-07-23,,,,,,0.0,1
2018-07-24,,,,,,0.0,1
2018-07-25,,,,,,0.0,1
2018-07-26,,,,,,0.0,1
2018-07-27,,,,,,0.0,1
2018-07-30,,,,,,0.0,1
2018-07-31,,,,,,0.0,1
2018-08-01,,,,,,0.0,1
2018-08-02,,,,,,0.0,1
2018-08-03,0.015,0.0157,0.0149,0.0153,46250600.0,0.0,1
2018-08-06,0.014,0.0143,0.0129,0.0134,18774100.0,0.0,1
2018-08-07,0.0133,0.0145,0.0122,0.0129,21022400.0,0.0,1
2018-08-08,0.0129,0.013,0.0104,0.0108,22236100.0,0.0,1
2018-08-09,0.0108,0.012,0.0103,0.0117,32613700.0,0.0,1
2018-08-10,0.0117,0.0121,0.0095,0.0097,36278100.0,0.0,1
2018-08-13,0.0091,0.0092,0.007,0.0072,16989000.0,0.0,1
2018-08-14,0.0072,0.0077,0.0061,0.0077,22264400.0,0.0,1
2018-08-15,0.0078,0.0087,0.0077,0.0079,22410600.0,0.0,1
2018-08-16,0.0079,0.0116,0.0077,0.0112,51160900.0,0.0,1
2018-08-17,0.0112,0.0152,0.0109,0.015,94427600.0,0.0,1
2018-08-20,0.0143,0.0149,0.013,0.0131,38838000.0,0.0,1
2018-08-21,0.013,0.0158,0.013,0.0154,49710400.0,0.0,1
2018-08-22,0.0155,0.0162,0.0125,0.0138,67288000.0,0.0,1
2018-08-23,0.0137,0.0148,0.0136,0.0147,31250400.0,0.0,1
2018-08-24,0.0147,0.0147,0.014,0.0145,19980000.0,0.0,1
2018-08-27,0.0152,0.0179,0.0152,0.0178,53968100.0,0.0,1
2018-08-28,0.0178,0.0188,0.0175,0.018,45607800.0,0.0,1
2018-08-29,0.018,0.0181,0.0166,0.0169,36464600.0,0.0,1
2018-08-30,0.017,0.0173,0.0157,0.0173,26699000.0,0.0,1
2018-08-31,0.0172,0.0176,0.0166,0.0171,29320200.0,0.0,1
2018-09-04,0.0188,0.0198,0.0186,0.0195,37147400.0,0.0,1
2018-09-05,0.0194,0.0197,0.0162,0.0162,49983300.0,0.0,1
2018-09-06,0.0163,0.0163,0.0151,0.0161,36930400.0,0.0,1
2018-09-07,0.0161,0.0168,0.0153,0.0157,27829600.0,0.0,1
2018-09-10,0.0146,0.0154,0.0138,0.0141,22846400.0,0.0,1
2018-09-11,0.0142,0.0143,0.0128,0.0131,18847600.0,0.0,1
2018-09-12,0.0132,0.014,0.0117,0.0138,25123900.0,0.0,1
2018-09-13,0.0138,0.0144,0.0133,0.0141,28222000.0,0.0,1
2018-09-14,0.0141,0.0144,0.0135,0.014,16430800.0,0.0,1
2018-09-17,0.0142,0.0143,0.0124,0.0127,20636200.0,0.0,1
2018-09-18,0.0127,0.0132,0.0124,0.013,16694600.0,0.0,1
2018-09-19,0.013,0.0133,0.0125,0.013,17267900.0,0.0,1
2018-09-20,0.013,0.0137,0.0129,0.0136,18295500.0,0.0,1
2018-09-21,0.0137,0.0146,0.0135,0.0144,36111400.0,0.0,1
2018-09-24,0.0139,0.014,0.0129,0.0131,18296700.0,0.0,1
2018-09-25,0.0131,0.0131,0.0122,0.0128,19622300.0,0.0,1
2018-09-26,0.0128,0.0129,0.0124,0.0126,16953400.0,0.0,1
2018-09-27,0.0125,0.0132,0.0124,0.0131,17120600.0,0.0,1
2018-09-28,0.0131,0.0136,0.013,0.013,15868800.0,0.0,1
2018-10-01,0.0129,0.0131,0.0127,0.0128,12615600.0,0.0,1
2018-10-02,0.0128,0.0134,0.0128,0.013,17676800.0,0.0,1
2018-10-03,0.0129,0.013,0.0126,0.0128,12731200.0,0.0,1
2018-10-04,0.0128,0.013,0.0127,0.0128,10516100.0,0.0,1
2018-10-05,0.0128,0.0132,0.0128,0.0131,7337180.0,0.0,1
2018-10-08,0.0131,0.0139,0.013,0.0137,10593600.0,0.0,1
2018-10-09,0.0137,0.0138,0.0134,0.0136,8453330.0,0.0,1
2018-10-10,0.0136,0.0136,0.0131,0.0133,11145500.0,0.0,1
2018-10-11,0.0132,0.0133,0.0112,0.0112,16074400.0,0.0,1
2018-10-12,0.0112,0.0117,0.0111,0.0116,9936260.0,0.0,1
2018-10-15,0.0113,0.0122,0.0112,0.0118,17371300.0,0.0,1
2018-10-16,0.0118,0.012,0.0117,0.0118,7772460.0,0.0,1
2018-10-17,0.0118,0.0119,0.0116,0.0117,9594690.0,0.0,1
2018-10-18,0.0117,0.0119,0.0113,0.0114,8611690.0,0.0,1
2018-10-19,0.0114,0.0115,0.0113,0.0115,8150200.0,0.0,1
2018-10-22,0.0113,0.0114,0.011,0.0111,11878700.0,0.0,1
2018-10-23,0.0111,0.012,0.0108,0.0117,23224300.0,0.0,1
2018-10-24,0.0117,0.0119,0.0114,0.0114,14333200.0,0.0,1
2018-10-25,0.0114,0.0115,0.0111,0.0113,9122190.0,0.0,1
2018-10-26,0.0113,0.0113,0.011,0.0111,12566800.0,0.0,1
2018-10-29,0.011,0.0112,0.0104,0.0105,16595900.0,0.0,1
2018-10-30,0.0105,0.0106,0.0101,0.0102,13505500.0,0.0,1
2018-10-31,0.0102,0.0105,0.01,0.0104,13609200.0,0.0,1
2018-11-01,0.0104,0.0108,0.0101,0.0105,13223800.0,0.0,1
2018-11-02,0.0104,0.0105,0.0104,0.0104,12214900.0,0.0,1
2018-11-05,0.0107,0.0109,0.0105,0.0107,15306500.0,0.0,1
2018-11-06,0.0107,0.0112,0.0106,0.0112,17164700.0,0.0,1
2018-11-07,0.0112,0.0113,0.0106,0.0108,17036100.0,0.0,1
2018-11-08,0.0108,0.0108,0.0104,0.0105,11530500.0,0.0,1
2018-11-09,0.0105,0.0105,0.0101,0.0102,12693000.0,0.0,1
2018-11-12,0.0102,0.0102,0.0098,0.0099,9464180.0,0.0,1
2018-11-13,0.0099,0.0099,0.0092,0.0092,12894700.0,0.0,1
2018-11-14,0.0091,0.0093,0.0076,0.0084,16750100.0,0.0,1
2018-11-15,0.0084,0.0086,0.0071,0.008,13486900.0,0.0,1
2018-11-16,0.0079,0.0081,0.0076,0.0077,10133600.0,0.0,1
2018-11-19,0.0077,0.0077,0.0059,0.006,19730300.0,0.0,1
2018-11-20,0.006,0.0063,0.005,0.0053,17991200.0,0.0,1
2018-11-21,0.0053,0.006,0.0052,0.0058,12096500.0,0.0,1
2018-11-23,0.0052,0.0053,0.005,0.0052,8181900.0,0.0,1
2018-11-26,0.0047,0.0048,0.0042,0.0043,8320570.0,0.0,1
2018-11-27,0.0043,0.0045,0.0041,0.0044,7394600.0,0.0,1
2018-11-28,0.0044,0.0055,0.0044,0.0052,15663000.0,0.0,1
2018-11-29,0.0053,0.0057,0.005,0.0053,11329440.0,0.0,1
2018-11-30,0.0053,0.0053,0.0045,0.0048,10048523.0,0.0,1
2018-12-03,0.0049,0.0049,0.0044,0.0045,7566014.0,0.0,1
2018-12-04,0.0045,0.0049,0.0044,0.0046,7610618.0,0.0,1
2018-12-05,0.0046,0.0047,0.0044,0.0044,7530496.0,0.0,1
2018-12-06,0.0045,0.0048,0.0041,0.0041,10483262.0,0.0,1
2018-12-07,0.0041,0.0041,0.0037,0.0039,12882281.0,0.0,1
2018-12-10,0.0041,0.0041,0.0038,0.0038,5930515.0,0.0,1
2018-12-11,0.0038,0.0039,0.0037,0.0037,4198655.0,0.0,1
2018-12-12,0.0037,0.0038,0.0036,0.0037,6205460.0,0.0,1
2018-12-13,0.0037,0.0037,0.0035,0.0035,4683647.0,0.0,1
2018-12-14,0.0035,0.0035,0.0033,0.0034,4710616.0,0.0,1
2018-12-17,0.0034,0.0041,0.0034,0.004,9844028.0,0.0,1
2018-12-18,0.004,0.0041,0.0038,0.0041,7001588.0,0.0,1
2018-12-19,0.0042,0.0045,0.0041,0.0042,10218552.0,0.0,1
2018-12-20,0.0042,0.0046,0.0042,0.0046,9315862.0,0.0,1
2018-12-21,0.0046,0.0049,0.0043,0.0045,11186891.0,0.0,1
2018-12-24,0.0047,0.0053,0.0047,0.0048,11846499.0,0.0,1
2018-12-26,0.0044,0.0045,0.0043,0.0044,4614862.0,0.0,1
2018-12-27,0.0044,0.0044,0.0039,0.0039,5732771.0,0.0,1
2018-12-28,0.0039,0.0045,0.0039,0.0044,6489024.0,0.0,1
2018-12-31,0.0042,0.0042,0.0039,0.004,5785271.0,0.0,1
2019-01-02,0.0041,0.0043,0.0041,0.0042,5331171.0,0.0,1
2019-01-03,0.0042,0.0042,0.004,0.0041,4319409.0,0.0,1
2019-01-04,0.0041,0.0041,0.004,0.0041,4357275.0,0.0,1
2019-01-07,0.0044,0.0044,0.0042,0.0042,5226528.0,0.0,1
2019-01-08,0.0042,0.0045,0.0041,0.0044,7026686.0,0.0,1
2019-01-09,0.0044,0.0048,0.0044,0.0048,12107280.0,0.0,1
2019-01-10,0.0048,0.0049,0.0039,0.0041,13071386.0,0.0,1
2019-01-11,0.0041,0.0041,0.0039,0.004,6509319.0,0.0,1
2019-01-14,0.0038,0.0041,0.0038,0.004,5054733.0,0.0,1
2019-01-15,0.0041,0.0041,0.0039,0.0039,3254718.0,0.0,1
2019-01-16,0.0039,0.004,0.0039,0.004,4977149.0,0.0,1
2019-01-17,0.004,0.0043,0.004,0.0043,11020121.0,0.0,1
2019-01-18,0.0043,0.0043,0.004,0.0041,6375463.0,0.0,1
2019-01-22,0.0041,0.0046,0.0041,0.0046,14820175.0,0.0,1
2019-01-23,0.0046,0.0046,0.0043,0.0044,9733085.0,0.0,1
2019-01-24,0.0044,0.0044,0.0043,0.0044,6306102.0,0.0,1
2019-01-25,0.0044,0.0044,0.0043,0.0043,4715534.0,0.0,1
2019-01-28,0.0042,0.0042,0.0038,0.0039,7382324.0,0.0,1
2019-01-29,0.0039,0.004,0.0038,0.0039,4799851.0,0.0,1
2019-01-30,0.0039,0.0041,0.0039,0.004,4808429.0,0.0,1
2019-01-31,0.004,0.0041,0.0038,0.0039,6030416.0,0.0,1
2019-02-01,0.0039,0.004,0.0038,0.0039,3570933.0,0.0,1
2019-02-04,0.0039,0.0039,0.0038,0.0038,3435089.0,0.0,1
2019-02-05,0.0038,0.0039,0.0038,0.0038,4009846.0,0.0,1
2019-02-06,0.0038,0.0038,0.0036,0.0036,4506774.0,0.0,1
2019-02-07,0.0036,0.0038,0.0036,0.0037,3386472.0,0.0,1
2019-02-08,0.0037,0.0041,0.0037,0.004,5403796.0,0.0,1
2019-02-11,0.004,0.004,0.0039,0.0039,3260261.0,0.0,1
2019-02-12,0.0039,0.0039,0.0038,0.0039,3227572.0,0.0,1
2019-02-13,0.0039,0.004,0.0039,0.0039,3182996.0,0.0,1
2019-02-14,0.0039,0.0039,0.0038,0.0039,2601660.0,0.0,1
2019-02-15,0.0039,0.004,0.0038,0.0039,3920328.0,0.0,1
2019-02-19,0.0044,0.0045,0.0043,0.0043,7239081.0,0.0,1
2019-02-20,0.0043,0.0044,0.0042,0.0044,5752813.0,0.0,1
2019-02-21,0.0044,0.0047,0.0043,0.0045,15259785.0,0.0,1
2019-02-22,0.0045,0.005,0.0045,0.0048,18628527.0,0.0,1
2019-02-25,0.0044,0.0046,0.0044,0.0046,11999728.0,0.0,1
2019-02-26,0.0046,0.0048,0.0045,0.0046,13305153.0,0.0,1
2019-02-27,0.0046,0.0047,0.0045,0.0046,11164165.0,0.0,1
2019-02-28,0.0046,0.0046,0.0045,0.0046,8692489.0,0.0,1
2019-03-01,0.0046,0.0047,0.0045,0.0046,9190443.0,0.0,1
2019-03-04,0.0044,0.0045,0.0041,0.0043,9854591.0,0.0,1
2019-03-05,0.0043,0.0044,0.0042,0.0044,8551035.0,0.0,1
2019-03-06,0.0044,0.0044,0.0043,0.0043,7044048.0,0.0,1
2019-03-07,0.0044,0.0046,0.0043,0.0045,9957230.0,0.0,1
2019-03-08,0.0045,0.0046,0.0044,0.0044,10233604.0,0.0,1
2019-03-11,0.0047,0.0047,0.0045,0.0045,20273599.0,0.0,1
2019-03-12,0.0045,0.0055,0.0045,0.0053,28755387.0,0.0,1
2019-03-13,0.0053,0.0054,0.0051,0.0051,16663520.0,0.0,1
2019-03-14,0.0051,0.0052,0.005,0.0052,13327586.0,0.0,1
2019-03-15,0.0052,0.0055,0.0051,0.0053,11254569.0,0.0,1
2019-03-18,0.0052,0.0054,0.0052,0.0053,9742058.0,0.0,1
2019-03-19,0.0053,0.0055,0.0052,0.0054,10961042.0,0.0,1
2019-03-20,0.0054,0.0058,0.0053,0.0057,19134912.0,0.0,1
2019-03-21,0.0057,0.0061,0.0054,0.0057,28841313.0,0.0,1
2019-03-22,0.0057,0.0059,0.0056,0.0058,20173359.0,0.0,1
2019-03-25,0.0058,0.0058,0.0055,0.0056,15415278.0,0.0,1
2019-03-26,0.0056,0.0057,0.0054,0.0056,20825801.0,0.0,1
2019-03-27,0.0056,0.0058,0.0055,0.0057,14667140.0,0.0,1
2019-03-28,0.0057,0.0059,0.0057,0.0059,11296118.0,0.0,1
2019-03-29,0.0059,0.0059,0.0058,0.0059,12690111.0,0.0,1
2019-04-01,0.0061,0.0064,0.006,0.0063,16899764.0,0.0,1
2019-04-02,0.0063,0.0073,0.0063,0.0072,33542819.0,0.0,1
2019-04-03,0.0073,0.0079,0.0069,0.0073,32703243.0,0.0,1
2019-04-04,0.0073,0.0077,0.007,0.0072,22506755.0,0.0,1
2019-04-05,0.0072,0.0075,0.0072,0.0075,12943993.0,0.0,1
2019-04-08,0.0077,0.0077,0.007,0.0075,17609103.0,0.0,1
2019-04-09,0.0075,0.0075,0.007,0.0072,14343081.0,0.0,1
2019-04-10,0.0072,0.0074,0.0071,0.0071,17136294.0,0.0,1
2019-04-11,0.0072,0.0072,0.0062,0.0067,18189636.0,0.0,1
2019-04-12,0.0067,0.0069,0.0064,0.0069,13067289.0,0.0,1
2019-04-15,0.0069,0.0071,0.0067,0.0068,11559163.0,0.0,1
2019-04-16,0.0068,0.0071,0.0067,0.007,11388682.0,0.0,1
2019-04-17,0.007,0.0071,0.0069,0.0071,10451402.0,0.0,1
2019-04-18,0.0071,0.0075,0.007,0.0073,15668179.0,0.0,1
2019-04-22,0.0068,0.007,0.0067,0.007,21458574.0,0.0,1
2019-04-23,0.007,0.0071,0.0068,0.0068,14291177.0,0.0,1
2019-04-24,0.0068,0.0069,0.0062,0.0064,20123195.0,0.0,1
2019-04-25,0.0064,0.0066,0.0059,0.006,15495653.0,0.0,1
2019-04-26,0.006,0.0062,0.0057,0.0061,14611007.0,0.0,1
2019-04-29,0.006,0.0061,0.0058,0.0059,11505991.0,0.0,1
2019-04-30,0.0059,0.0063,0.0058,0.0063,10962953.0,0.0,1
2019-05-01,0.0063,0.0066,0.0062,0.0066,12909950.0,0.0,1
2019-05-02,0.0066,0.0067,0.0063,0.0065,11239893.0,0.0,1
2019-05-03,0.0065,0.0068,0.0065,0.0067,14860635.0,0.0,1
2019-05-06,0.0064,0.0065,0.0061,0.0063,14051502.0,0.0,1
2019-05-07,0.0063,0.0064,0.0061,0.0061,12001381.0,0.0,1
2019-05-08,0.0061,0.0063,0.006,0.0063,11824869.0,0.0,1
2019-05-09,0.0063,0.0064,0.0059,0.006,12583826.0,0.0,1
2019-05-10,0.006,0.0061,0.0057,0.0061,15262144.0,0.0,1
2019-05-13,0.0061,0.0067,0.006,0.0064,18666965.0,0.0,1
2019-05-14,0.0064,0.0072,0.0064,0.0071,24418374.0,0.0,1
2019-05-15,0.0071,0.0079,0.007,0.0079,25084407.0,0.0,1
2019-05-16,0.0079,0.0088,0.0073,0.0082,37221670.0,0.0,1
2019-05-17,0.0081,0.0082,0.007,0.0075,25450305.0,0.0,1
2019-05-20,0.008,0.008,0.0074,0.0077,18498808.0,0.0,1
2019-05-21,0.0077,0.008,0.0076,0.0077,24260071.0,0.0,1
2019-05-22,0.0077,0.0078,0.0071,0.0072,21297422.0,0.0,1
2019-05-23,0.0072,0.0075,0.007,0.0074,12754201.0,0.0,1
2019-05-24,0.0075,0.0076,0.0074,0.0074,14006366.0,0.0,1
2019-05-28,0.008,0.0082,0.0077,0.0078,22323468.0,0.0,1
2019-05-29,0.0078,0.0079,0.0075,0.0077,19981799.0,0.0,1
2019-05-30,0.0077,0.0084,0.0072,0.0075,33164041.0,0.0,1
2019-05-31,0.0075,0.0078,0.0072,0.0077,28113881.0,0.0,1
2019-06-03,0.0077,0.0077,0.0072,0.0072,15795346.0,0.0,1
2019-06-04,0.0072,0.0076,0.0069,0.0074,22455739.0,0.0,1
2019-06-05,0.0074,0.0079,0.0072,0.0077,27987270.0,0.0,1
2019-06-06,0.0077,0.0081,0.0074,0.0077,22137985.0,0.0,1
2019-06-07,0.0077,0.0079,0.0076,0.0078,17648134.0,0.0,1
2019-06-10,0.0073,0.0078,0.0071,0.0077,19690095.0,0.0,1
2019-06-11,0.0077,0.0078,0.0073,0.0075,16586974.0,0.0,1
2019-06-12,0.0075,0.0078,0.0074,0.0076,18083155.0,0.0,1
2019-06-13,0.0076,0.0077,0.0075,0.0076,17824155.0,0.0,1
2019-06-14,0.0076,0.0077,0.0071,0.0073,33322150.0,0.0,1
2019-06-17,0.0073,0.0076,0.0073,0.0074,20300361.0,0.0,1
2019-06-18,0.0074,0.0074,0.0071,0.0074,19302131.0,0.0,1
2019-06-19,0.0074,0.0074,0.0073,0.0073,18231866.0,0.0,1
2019-06-20,0.0073,0.0073,0.0068,0.0069,27672019.0,0.0,1
2019-06-21,0.0069,0.0071,0.0067,0.0068,29869648.0,0.0,1
2019-06-24,0.0072,0.0073,0.0068,0.0071,79456140.0,0.0,1
2019-06-25,0.0071,0.0106,0.007,0.0093,287460755.0,0.0,1
2019-06-26,0.0093,0.0097,0.008,0.008,142749758.0,0.0,1
2019-06-27,0.008,0.0086,0.0074,0.0077,81451270.0,0.0,1
2019-06-28,0.0077,0.0085,0.0075,0.0083,79524638.0,0.0,1
2019-07-01,0.0081,0.0086,0.0076,0.0081,66175950.0,0.0,1
2019-07-02,0.0081,0.0081,0.0073,0.0076,71455692.0,0.0,1
2019-07-03,0.0076,0.0081,0.0076,0.0077,59091237.0,0.0,1
2019-07-05,0.0073,0.0077,0.0072,0.0075,56562485.0,0.0,1
2019-07-08,0.0075,0.0076,0.0072,0.0072,29604208.0,0.0,1
2019-07-09,0.0072,0.0075,0.0072,0.0073,45016612.0,0.0,1
2019-07-10,0.0073,0.0075,0.0069,0.007,37612754.0,0.0,1
2019-07-11,0.007,0.007,0.0059,0.006,30183260.0,0.0,1
2019-07-12,0.006,0.0071,0.0059,0.0069,29772565.0,0.0,1
2019-07-15,0.0057,0.0058,0.0054,0.0057,41322049.0,0.0,1
2019-07-16,0.0057,0.0058,0.005,0.0052,54282648.0,0.0,1
2019-07-17,0.0052,0.0057,0.0049,0.0054,70992854.0,0.0,1
2019-07-18,0.0055,0.0058,0.0053,0.0057,36689889.0,0.0,1
2019-07-19,0.0057,0.0059,0.0055,0.0058,30457734.0,0.0,1
2019-07-22,0.0061,0.0064,0.0061,0.0062,28364978.0,0.0,1
2019-07-23,0.0062,0.0062,0.0057,0.0058,32491051.0,0.0,1
2019-07-24,0.0058,0.0059,0.0056,0.0059,32024390.0,0.0,1
2019-07-25,0.0059,0.0061,0.0058,0.0059,27714340.0,0.0,1
2019-07-26,0.0059,0.006,0.0057,0.006,28631762.0,0.0,1
2019-07-29,0.0057,0.0057,0.0055,0.0056,26403058.0,0.0,1
2019-07-30,0.0056,0.0056,0.0055,0.0055,24414389.0,0.0,1
2019-07-31,0.0055,0.0057,0.0055,0.0056,26028676.0,0.0,1
2019-08-01,0.0056,0.0056,0.0053,0.0054,26201750.0,0.0,1
2019-08-02,0.0054,0.0055,0.0054,0.0055,25363948.0,0.0,1
2019-08-05,0.0053,0.0054,0.0052,0.0053,25306136.0,0.0,1
2019-08-06,0.0053,0.0053,0.0048,0.0049,25974720.0,0.0,1
2019-08-07,0.0049,0.0055,0.0048,0.005,39100296.0,0.0,1
2019-08-08,0.005,0.0051,0.0048,0.005,28029174.0,0.0,1
2019-08-09,0.005,0.005,0.0049,0.0049,27370378.0,0.0,1
2019-08-12,0.0051,0.0052,0.0051,0.0051,31247775.0,0.0,1
2019-08-13,0.0051,0.0051,0.0048,0.0049,30732585.0,0.0,1
2019-08-14,0.0049,0.0049,0.0046,0.0047,30957848.0,0.0,1
2019-08-15,0.0047,0.0048,0.0045,0.0046,20918902.0,0.0,1
2019-08-16,0.0046,0.0046,0.0044,0.0045,23477533.0,0.0,1
2019-08-19,0.0045,0.0047,0.0045,0.0047,26894650.0,0.0,1
2019-08-20,0.0047,0.0047,0.0045,0.0046,26068607.0,0.0,1
2019-08-21,0.0046,0.0046,0.0042,0.0043,27990210.0,0.0,1
2019-08-22,0.0043,0.0046,0.0042,0.0045,27848422.0,0.0,1
2019-08-23,0.0045,0.0047,0.0044,0.0046,25290666.0,0.0,1
2019-08-26,0.0045,0.0046,0.0045,0.0046,28347953.0,0.0,1
2019-08-27,0.0046,0.0046,0.0045,0.0045,29571737.0,0.0,1
2019-08-28,0.0045,0.0046,0.0042,0.0042,28101634.0,0.0,1
2019-08-29,0.0042,0.0042,0.004,0.0041,26991293.0,0.0,1
2019-08-30,0.0041,0.0042,0.004,0.0041,24953472.0,0.0,1
2019-09-03,0.0044,0.0044,0.0043,0.0043,37272100.0,0.0,1
2019-09-04,0.0043,0.0043,0.0041,0.0041,29685560.0,0.0,1
2019-09-05,0.0041,0.0042,0.0039,0.0039,31905423.0,0.0,1
2019-09-06,0.0039,0.004,0.0037,0.0038,31067451.0,0.0,1
2019-09-09,0.004,0.004,0.0039,0.004,30196557.0,0.0,1
2019-09-10,0.004,0.004,0.0039,0.0039,33622411.0,0.0,1
2019-09-11,0.0039,0.0039,0.0037,0.0037,28627887.0,0.0,1
2019-09-12,0.0037,0.0038,0.0036,0.0037,31408290.0,0.0,1
2019-09-13,0.0037,0.0038,0.0036,0.0037,30138910.0,0.0,1
2019-09-16,0.0037,0.0043,0.0037,0.004,42575522.0,0.0,1
2019-09-17,0.004,0.0043,0.004,0.0042,34770812.0,0.0,1
2019-09-18,0.0042,0.0044,0.0042,0.0043,32662403.0,0.0,1
2019-09-19,0.0043,0.0043,0.004,0.0042,29730165.0,0.0,1
2019-09-20,0.0042,0.0043,0.0041,0.0042,27520285.0,0.0,1
2019-09-23,0.0041,0.0041,0.0039,0.0039,35277395.0,0.0,1
2019-09-24,0.0039,0.004,0.0032,0.0034,27062892.0,0.0,1
2019-09-25,0.0034,0.0035,0.0033,0.0034,29098703.0,0.0,1
2019-09-26,0.0034,0.0034,0.0031,0.0033,40752899.0,0.0,1
2019-09-27,0.0033,0.0034,0.0032,0.0034,37934467.0,0.0,1
2019-09-30,0.0034,0.0035,0.0032,0.0035,23010448.0,0.0,1
2019-10-01,0.0035,0.0036,0.0034,0.0035,20839481.0,0.0,1
2019-10-02,0.0035,0.0035,0.0034,0.0035,21550356.0,0.0,1
2019-10-03,0.0035,0.0035,0.0034,0.0034,26227694.0,0.0,1
2019-10-04,0.0034,0.0035,0.0034,0.0034,27364881.0,0.0,1
2019-10-07,0.0034,0.0035,0.0033,0.0035,48262886.0,0.0,1
2019-10-08,0.0035,0.0036,0.0035,0.0036,45744776.0,0.0,1
2019-10-09,0.0036,0.0038,0.0036,0.0038,46154864.0,0.0,1
2019-10-10,0.0038,0.0039,0.0037,0.0038,37826328.0,0.0,1
2019-10-11,0.0038,0.0038,0.0036,0.0037,53284978.0,0.0,1
2019-10-14,0.0036,0.0036,0.0035,0.0036,64829201.0,0.0,1
2019-10-15,0.0036,0.0037,0.0034,0.0035,29598717.0,0.0,1
2019-10-16,0.0035,0.0035,0.0033,0.0034,89576849.0,0.0,1
2019-10-17,0.0034,0.0036,0.0033,0.0035,43197711.0,0.0,1
2019-10-18,0.0035,0.0035,0.0033,0.0034,28156978.0,0.0,1
2019-10-21,0.0034,0.0034,0.0033,0.0033,89728170.0,0.0,1
2019-10-22,0.0033,0.0034,0.0033,0.0033,93813017.0,0.0,1
2019-10-23,0.0033,0.0033,0.003,0.003,35671646.0,0.0,1
2019-10-24,0.003,0.003,0.0029,0.003,31904211.0,0.0,1
2019-10-25,0.003,0.0034,0.003,0.0034,46635913.0,0.0,1
2019-10-28,0.0041,0.0047,0.0038,0.0038,78180092.0,0.0,1
2019-10-29,0.0038,0.0043,0.0038,0.0042,64203243.0,0.0,1
2019-10-30,0.0042,0.0044,0.0039,0.0042,55591847.0,0.0,1
2019-10-31,0.0042,0.0042,0.0039,0.0041,42823124.0,0.0,1
2019-11-01,0.0041,0.0042,0.004,0.004,38382554.0,0.0,1
2019-11-04,0.0043,0.0044,0.0042,0.0044,50126307.0,0.0,1
2019-11-05,0.0044,0.005,0.0044,0.0049,66827379.0,0.0,1
2019-11-06,0.0049,0.0053,0.0049,0.0053,76553533.0,0.0,1
2019-11-07,0.0053,0.0058,0.0051,0.0057,94686063.0,0.0,1
2019-11-08,0.0056,0.006,0.0053,0.0053,73823304.0,0.0,1
2019-11-11,0.0057,0.0061,0.0055,0.006,92987929.0,0.0,1
2019-11-12,0.0061,0.0067,0.006,0.0065,106316600.0,0.0,1
2019-11-13,0.0065,0.0066,0.0062,0.0063,84395894.0,0.0,1
2019-11-14,0.0063,0.0076,0.0062,0.0073,145041005.0,0.0,1
2019-11-15,0.0073,0.008,0.0069,0.0078,213244466.0,0.0,1
2019-11-18,0.0077,0.0077,0.0072,0.0075,131532265.0,0.0,1
2019-11-19,0.0075,0.0075,0.0067,0.007,116167889.0,0.0,1
2019-11-20,0.007,0.007,0.0061,0.0062,123029654.0,0.0,1
2019-11-21,0.0062,0.0062,0.0057,0.0057,97871594.0,0.0,1
2019-11-22,0.0057,0.0059,0.0047,0.0052,124162950.0,0.0,1
2019-11-25,0.0053,0.006,0.0051,0.0059,109767767.0,0.0,1
2019-11-26,0.0059,0.0064,0.0058,0.0064,110273490.0,0.0,1
2019-11-27,0.0064,0.0067,0.006,0.0065,122326424.0,0.0,1
2019-11-29,0.0064,0.0065,0.0062,0.0065,73607548.0,0.0,1
2019-12-02,0.0071,0.0079,0.0071,0.0074,214430709.0,0.0,1
2019-12-03,0.0074,0.0076,0.0068,0.007,147303738.0,0.0,1
2019-12-04,0.007,0.0076,0.0068,0.0069,139890284.0,0.0,1
2019-12-05,0.0069,0.0072,0.0067,0.0069,107971529.0,0.0,1
2019-12-06,0.0069,0.007,0.0066,0.007,95555147.0,0.0,1
2019-12-09,0.0072,0.0074,0.0068,0.0069,94789461.0,0.0,1
2019-12-10,0.0069,0.0069,0.006,0.0063,107334781.0,0.0,1
2019-12-11,0.0063,0.0064,0.006,0.0061,72536165.0,0.0,1
2019-12-12,0.0061,0.0063,0.0059,0.0063,78378180.0,0.0,1
2019-12-13,0.0063,0.0067,0.0058,0.0059,108878386.0,0.0,1
2019-12-16,0.0056,0.0056,0.005,0.0051,51731167.0,0.0,1
2019-12-17,0.0051,0.0051,0.0046,0.0046,58644901.0,0.0,1
2019-12-18,0.0046,0.0054,0.0045,0.0054,81406474.0,0.0,1
2019-12-19,0.0054,0.0054,0.0049,0.0051,54773462.0,0.0,1
2019-12-20,0.0051,0.0056,0.005,0.0054,69121348.0,0.0,1
2019-12-23,0.0055,0.0062,0.0055,0.0059,86999523.0,0.0,1
2019-12-24,0.0059,0.0063,0.0058,0.006,92408694.0,0.0,1
2019-12-26,0.0059,0.0059,0.0055,0.0055,90192792.0,0.0,1
2019-12-27,0.0055,0.0059,0.0054,0.0057,88935184.0,0.0,1
2019-12-30,0.0056,0.0057,0.0055,0.0055,75402048.0,0.0,1
2019-12-31,0.0055,0.0055,0.0052,0.0052,70344112.0,0.0,1
2020-01-02,0.0054,0.0054,0.0051,0.0051,59081069.0,0.0,1
2020-01-03,0.0051,0.0054,0.005,0.0053,66999698.0,0.0,1
2020-01-06,0.0055,0.0058,0.0055,0.0057,73540805.0,0.0,1
2020-01-07,0.0057,0.0058,0.0055,0.0056,67461953.0,0.0,1
2020-01-08,0.0056,0.0056,0.0053,0.0055,79053437.0,0.0,1
2020-01-09,0.0055,0.0055,0.0053,0.0054,93401748.0,0.0,1
2020-01-10,0.0054,0.0055,0.0053,0.0055,140759599.0,0.0,1
2020-01-13,0.0055,0.0055,0.0054,0.0054,76878705.0,0.0,1
2020-01-14,0.0054,0.0061,0.0054,0.006,135435700.0,0.0,1
2020-01-15,0.006,0.0062,0.0058,0.006,127790121.0,0.0,1
2020-01-16,0.006,0.0061,0.0057,0.0059,101044054.0,0.0,1
2020-01-17,0.0059,0.0066,0.0058,0.0064,138571075.0,0.0,1
2020-01-21,0.0058,0.006,0.0058,0.006,104464919.0,0.0,1
2020-01-22,0.006,0.006,0.0059,0.0059,90656447.0,0.0,1
2020-01-23,0.0059,0.0059,0.0055,0.0056,104354296.0,0.0,1
2020-01-24,0.0056,0.0057,0.0055,0.0056,99091804.0,0.0,1
2020-01-27,0.0057,0.0059,0.0057,0.0058,103413512.0,0.0,1
2020-01-28,0.0058,0.0059,0.0057,0.0058,114334307.0,0.0,1
2020-01-29,0.0058,0.0059,0.0057,0.0057,114816850.0,0.0,1
2020-01-30,0.0058,0.0058,0.0057,0.0057,124423470.0,0.0,1
2020-01-31,0.0057,0.0058,0.0055,0.0058,125555435.0,0.0,1
2020-02-03,0.0063,0.0063,0.0061,0.0063,132983998.0,0.0,1
2020-02-04,0.0063,0.0066,0.0062,0.0065,141368939.0,0.0,1
2020-02-05,0.0065,0.0066,0.0063,0.0065,156243121.0,0.0,1
2020-02-06,0.0065,0.0069,0.0064,0.0068,164272722.0,0.0,1
2020-02-07,0.0068,0.0069,0.0067,0.0068,151824707.0,0.0,1
2020-02-10,0.0068,0.0069,0.0064,0.0065,138176261.0,0.0,1
2020-02-11,0.0066,0.0075,0.0064,0.0075,170686826.0,0.0,1
2020-02-12,0.0075,0.0079,0.0074,0.0075,187011973.0,0.0,1
2020-02-13,0.0075,0.0082,0.0075,0.008,183735774.0,0.0,1
2020-02-14,0.0081,0.0084,0.0076,0.0083,186689116.0,0.0,1
2020-02-18,0.0067,0.0072,0.0067,0.007,142640898.0,0.0,1
2020-02-19,0.007,0.0072,0.0065,0.0065,129846018.0,0.0,1
2020-02-20,0.0065,0.0066,0.0064,0.0065,169578101.0,0.0,1
2020-02-21,0.0065,0.0068,0.0065,0.0066,177548431.0,0.0,1
2020-02-24,0.007,0.0073,0.0067,0.0067,208461947.0,0.0,1
2020-02-25,0.0067,0.0067,0.0062,0.0062,184509986.0,0.0,1
2020-02-26,0.0062,0.0063,0.0054,0.0056,191569770.0,0.0,1
2020-02-27,0.0056,0.0059,0.0052,0.0058,191014419.0,0.0,1
2020-02-28,0.0058,0.0059,0.0054,0.0057,176508791.0,0.0,1
2020-03-02,0.0054,0.0058,0.0054,0.0058,166339490.0,0.0,1
2020-03-03,0.0058,0.0059,0.0056,0.0058,161355448.0,0.0,1
2020-03-04,0.0058,0.0061,0.0058,0.006,156543060.0,0.0,1
2020-03-05,0.006,0.0063,0.006,0.0061,117649600.0,0.0,1
2020-03-06,0.0061,0.0062,0.006,0.0061,108289412.0,0.0,1
2020-03-09,0.0048,0.0049,0.0044,0.0047,156369966.0,0.0,1
2020-03-10,0.0047,0.0049,0.0046,0.0047,116224865.0,0.0,1
2020-03-11,0.0047,0.0048,0.0042,0.0045,104972791.0,0.0,1
2020-03-12,0.0044,0.0045,0.0024,0.0024,102393490.0,0.0,1
2020-03-13,0.0024,0.0031,0.0017,0.0028,112312062.0,0.0,1
2020-03-16,0.0025,0.0025,0.002,0.0023,84965794.0,0.0,1
2020-03-17,0.0023,0.0026,0.0022,0.0024,79251933.0,0.0,1
2020-03-18,0.0024,0.0025,0.0023,0.0025,64174751.0,0.0,1
2020-03-19,0.0025,0.003,0.0025,0.0029,98783374.0,0.0,1
2020-03-20,0.0029,0.0031,0.0027,0.0028,90192400.0,0.0,1
2020-03-23,0.0026,0.0029,0.0026,0.0029,85762082.0,0.0,1
2020-03-24,0.0028,0.0031,0.0028,0.0031,93715114.0,0.0,1
2020-03-25,0.0031,0.0032,0.003,0.003,88844923.0,0.0,1
2020-03-26,0.003,0.0031,0.003,0.0031,81377273.0,0.0,1
2020-03-27,0.0031,0.0035,0.003,0.003,111198579.0,0.0,1
2020-03-30,0.0028,0.003,0.0027,0.003,93850418.0,0.0,1
2020-03-31,0.003,0.0033,0.0029,0.0031,113692951.0,0.0,1
2020-04-01,0.0031,0.0032,0.003,0.0032,88555541.0,0.0,1
2020-04-02,0.0032,0.0034,0.0031,0.0032,87231946.0,0.0,1
2020-04-03,0.0032,0.0033,0.0032,0.0032,78721888.0,0.0,1
2020-04-06,0.0033,0.0037,0.0032,0.0036,123089972.0,0.0,1
2020-04-07,0.0036,0.0043,0.0036,0.0039,222154560.0,0.0,1
2020-04-08,0.0039,0.004,0.0038,0.004,129462508.0,0.0,1
2020-04-09,0.0039,0.004,0.0038,0.0039,106250961.0,0.0,1
2020-04-13,0.0037,0.0037,0.0035,0.0036,99864859.0,0.0,1
2020-04-14,0.0036,0.0038,0.0035,0.0036,97965546.0,0.0,1
2020-04-15,0.0036,0.0038,0.0036,0.0037,130418914.0,0.0,1
2020-04-16,0.0037,0.0039,0.0035,0.0038,161567794.0,0.0,1
2020-04-17,,,,,,0.0,1
2020-04-20,0.0039,0.004,0.0036,0.0037,143275767.0,0.0,1
2020-04-21,0.0037,0.0038,0.0037,0.0037,115544020.0,0.0,1
2020-04-22,0.0037,0.004,0.0037,0.0039,100042177.0,0.0,1
2020-04-23,0.0039,0.004,0.0038,0.0039,124960041.0,0.0,1
2020-04-24,0.0039,0.0042,0.0039,0.0041,153512825.0,0.0,1
2020-04-27,0.0045,0.0045,0.0043,0.0044,167379432.0,0.0,1
2020-04-28,0.0044,0.0045,0.0043,0.0043,155538198.0,0.0,1
2020-04-29,0.0043,0.0048,0.0043,0.0048,205057630.0,0.0,1
2020-04-30,0.0048,0.0048,0.0043,0.0044,201147767.0,0.0,1
2020-05-01,0.0044,0.0047,0.0044,0.0045,170544840.0,0.0,1
2020-05-04,0.0043,0.0046,0.0041,0.0045,208895792.0,0.0,1
2020-05-05,0.0045,0.0045,0.0043,0.0044,189286157.0,0.0,1
2020-05-06,0.0044,0.0045,0.0043,0.0043,201768808.0,0.0,1
2020-05-07,0.0043,0.0046,0.0043,0.0045,200383374.0,0.0,1
2020-05-08,0.0045,0.0049,0.0045,0.0048,215807977.0,0.0,1
2020-05-11,0.0042,0.0042,0.0039,0.0041,186793222.0,0.0,1
2020-05-12,0.0041,0.0043,0.004,0.0042,179574429.0,0.0,1
2020-05-13,0.0042,0.0045,0.0042,0.0045,172228258.0,0.0,1
2020-05-14,0.0044,0.0045,0.0044,0.0045,188704864.0,0.0,1
2020-05-15,0.0045,0.0045,0.0044,0.0044,170893618.0,0.0,1
2020-05-18,0.0044,0.0046,0.0044,0.0045,180843135.0,0.0,1
2020-05-19,0.0045,0.0045,0.0044,0.0045,170482057.0,0.0,1
2020-05-20,0.0045,0.0046,0.0044,0.0045,167454844.0,0.0,1
2020-05-21,0.0045,0.0046,0.0041,0.0042,165966288.0,0.0,1
2020-05-22,0.0042,0.0047,0.0042,0.0046,183573580.0,0.0,1
2020-05-26,0.0051,0.0051,0.0047,0.0049,163760511.0,0.0,1
2020-05-27,0.0049,0.005,0.0048,0.0049,152307436.0,0.0,1
2020-05-28,0.0049,0.0055,0.0049,0.0055,208593649.0,0.0,1
2020-05-29,0.0055,0.0056,0.0053,0.0056,185407305.0,0.0,1
2020-06-01,0.0063,0.0069,0.0062,0.0066,232832327.0,0.0,1
2020-06-02,0.0066,0.0077,0.0066,0.0072,280402815.0,0.0,1
2020-06-03,0.0072,0.0075,0.0069,0.0071,227423716.0,0.0,1
2020-06-04,0.0071,0.0072,0.0066,0.0067,198072763.0,0.0,1
2020-06-05,0.0067,0.0071,0.0067,0.0067,190691369.0,0.0,1
2020-06-08,0.0072,0.0078,0.0072,0.0078,229736010.0,0.0,1
2020-06-09,0.0078,0.0083,0.0076,0.0082,236974314.0,0.0,1
2020-06-10,0.0082,0.0091,0.008,0.009,298135310.0,0.0,1
2020-06-11,0.009,0.0105,0.0088,0.0089,472001735.0,0.0,1
2020-06-12,0.0089,0.0099,0.0087,0.0097,349153727.0,0.0,1
2020-06-15,0.0087,0.0093,0.0077,0.0091,324171724.0,0.0,1
2020-06-16,0.009,0.0094,0.0088,0.009,259413121.0,0.0,1
2020-06-17,0.0091,0.0092,0.0087,0.009,238843204.0,0.0,1
2020-06-18,0.009,0.009,0.0084,0.0087,214027071.0,0.0,1
2020-06-19,0.0087,0.0087,0.0083,0.0083,205254332.0,0.0,1
2020-06-22,0.0086,0.0093,0.0086,0.0092,237924018.0,0.0,1
2020-06-23,0.0093,0.0093,0.0089,0.0089,216727347.0,0.0,1
2020-06-24,0.0089,0.0093,0.0087,0.009,207752383.0,0.0,1
2020-06-25,0.009,0.0092,0.0087,0.0089,211720007.0,0.0,1
2020-06-26,0.0089,0.009,0.0088,0.0089,196934951.0,0.0,1
2020-06-29,0.0087,0.0089,0.0085,0.0087,200346816.0,0.0,1
2020-06-30,0.0087,0.0089,0.0086,0.0088,180072572.0,0.0,1
2020-07-01,0.0088,0.0095,0.0087,0.0094,247029702.0,0.0,1
2020-07-02,0.0094,0.0098,0.0092,0.0097,186785568.0,0.0,1
2020-07-06,0.0143,0.0159,0.0141,0.0145,456370442.0,0.0,1
2020-07-07,0.0144,0.0176,0.0144,0.0174,404574302.0,0.0,1
2020-07-08,0.0173,0.0218,0.0168,0.02,831801148.0,0.0,1
2020-07-09,0.02,0.02,0.0172,0.0183,494685164.0,0.0,1
2020-07-10,0.0183,0.0194,0.0151,0.0171,506902760.0,0.0,1
2020-07-13,0.0181,0.0197,0.018,0.0185,341662896.0,0.0,1
2020-07-14,0.0185,0.0187,0.0174,0.0184,215496923.0,0.0,1
2020-07-15,0.0184,0.0198,0.0184,0.019,238006124.0,0.0,1
2020-07-16,0.019,0.0193,0.0175,0.018,232626361.0,0.0,1
2020-07-17,0.018,0.0191,0.0179,0.0182,174206073.0,0.0,1
2020-07-20,0.018,0.018,0.016,0.0162,195135271.0,0.0,1
2020-07-21,0.0161,0.0182,0.0159,0.0175,229307469.0,0.0,1
2020-07-22,0.0175,0.0178,0.0171,0.0175,146814817.0,0.0,1
2020-07-23,0.0175,0.0178,0.0172,0.0173,135914358.0,0.0,1
2020-07-24,0.0173,0.0174,0.0168,0.017,117939445.0,0.0,1
2020-07-27,0.0175,0.0176,0.0151,0.0156,251175269.0,0.0,1
2020-07-28,0.0156,0.0166,0.0155,0.016,182399567.0,0.0,1
2020-07-29,0.016,0.0164,0.0154,0.0156,148799673.0,0.0,1
2020-07-30,0.0156,0.0177,0.0154,0.0173,202976912.0,0.0,1
2020-07-31,0.0173,0.0184,0.0168,0.0173,237077794.0,0.0,1
2020-08-03,0.0162,0.0168,0.016,0.0167,124788268.0,0.0,1
2020-08-04,0.0167,0.0189,0.0166,0.0187,209356869.0,0.0,1
2020-08-05,0.0187,0.0194,0.018,0.0189,225977737.0,0.0,1
2020-08-06,0.0189,0.0203,0.0186,0.0197,238364073.0,0.0,1
2020-08-07,0.0197,0.0202,0.0181,0.0187,209746500.0,0.0,1
2020-08-10,0.0219,0.0221,0.0202,0.0215,286262732.0,0.0,1
2020-08-11,0.0215,0.0218,0.0194,0.02,226868021.0,0.0,1
2020-08-12,0.02,0.0211,0.0186,0.0206,211350652.0,0.0,1
2020-08-13,,,,,,0.0,1
2020-08-14,,,,,,0.0,1
2020-08-17,0.0198,0.0212,0.0195,0.02,225779863.0,0.0,1
2020-08-18,0.02,0.0202,0.0188,0.0191,202086121.0,0.0,1
2020-08-19,0.0191,0.0195,0.0173,0.0179,212782549.0,0.0,1
2020-08-20,0.0179,0.0194,0.0179,0.0194,181772955.0,0.0,1
2020-08-21,0.0194,0.0199,0.018,0.018,186340467.0,0.0,1
2020-08-24,0.0179,0.0186,0.0177,0.0182,125447568.0,0.0,1
2020-08-25,0.0182,0.0182,0.0164,0.017,145703325.0,0.0,1
2020-08-26,0.0169,0.0175,0.0166,0.0172,135814341.0,0.0,1
2020-08-27,0.0172,0.0173,0.0154,0.0159,134921736.0,0.0,1
2020-08-28,0.0159,0.0168,0.0157,0.0163,107463651.0,0.0,1
2020-08-31,0.0171,0.0187,0.0171,0.0174,214250673.0,0.0,1
2020-09-01,0.0174,0.0176,0.0169,0.017,161500115.0,0.0,1
2020-09-02,0.017,0.0172,0.0155,0.016,158245457.0,0.0,1
2020-09-03,0.016,0.0169,0.0119,0.0125,197199806.0,0.0,1
2020-09-04,0.0125,0.0147,0.0119,0.0144,277906777.0,0.0,1
2020-09-08,0.0122,0.0134,0.0118,0.0121,161747589.0,0.0,1
2020-09-09,0.0121,0.0133,0.0117,0.0129,138152549.0,0.0,1
2020-09-10,0.0129,0.0136,0.0129,0.013,133126607.0,0.0,1
2020-09-11,,,,,,0.0,1
2020-09-14,,,,,,0.0,1
2020-09-15,,,,,,0.0,1
2020-09-16,,,,,,0.0,1
2020-09-17,0.0125,0.0137,0.0124,0.0135,129560479.0,0.0,1
2020-09-18,0.0135,0.0153,0.0134,0.0144,178496230.0,0.0,1
2020-09-21,0.0145,0.0148,0.0124,0.0127,168324877.0,0.0,1
2020-09-22,0.0127,0.013,0.0121,0.0124,122295978.0,0.0,1
2020-09-23,0.0124,0.0124,0.0113,0.0114,141119934.0,0.0,1
2020-09-24,0.0114,0.0126,0.0113,0.0124,136867967.0,0.0,1
2020-09-25,0.0124,0.0133,0.0119,0.0129,142874365.0,0.0,1
2020-09-28,0.0127,0.0136,0.0127,0.0128,136965358.0,0.0,1
2020-09-29,0.0128,0.0132,0.0124,0.0132,152112086.0,0.0,1
2020-09-30,0.0132,0.0136,0.0127,0.0135,132701927.0,0.0,1
2020-10-01,0.0135,0.0137,0.0126,0.0127,122189563.0,0.0,1
2020-10-02,0.0127,0.0129,0.0116,0.0119,136404250.0,0.0,1
2020-10-05,0.0117,0.0119,0.0113,0.0114,105846039.0,0.0,1
2020-10-06,0.0114,0.0115,0.0101,0.0101,128682019.0,0.0,1
2020-10-07,0.0101,0.0113,0.0098,0.0113,144145700.0,0.0,1
2020-10-08,0.0113,0.0114,0.0105,0.011,135338355.0,0.0,1
2020-10-09,,,,,,0.0,1
2020-10-12,,,,,,0.0,1
2020-10-13,,,,,,0.0,1
2020-10-14,0.0115,0.0116,0.0108,0.0111,124988047.0,0.0,1
2020-10-15,0.0111,0.0113,0.0107,0.011,100893716.0,0.0,1
2020-10-16,0.011,0.0111,0.0104,0.0106,105595482.0,0.0,1
2020-10-19,0.0116,0.0118,0.0113,0.0114,107604470.0,0.0,1
2020-10-20,0.0114,0.0114,0.0107,0.0108,105468328.0,0.0,1
2020-10-21,0.0108,0.0115,0.0108,0.0114,122817647.0,0.0,1
2020-10-22,0.0114,0.0124,0.0112,0.0121,145365395.0,0.0,1
2020-10-23,0.0121,0.0125,0.0117,0.0122,162742078.0,0.0,1
2020-10-26,0.0118,0.012,0.0112,0.0114,128834450.0,0.0,1
2020-10-27,0.0114,0.0116,0.0111,0.0114,126231355.0,0.0,1
2020-10-28,0.0114,0.0114,0.0105,0.0107,101294007.0,0.0,1
2020-10-29,0.0107,0.0108,0.01,0.0102,100237964.0,0.0,1
2020-10-30,0.0102,0.0103,0.0096,0.0101,105516095.0,0.0,1
2020-11-02,0.0105,0.0107,0.01,0.0101,90990993.0,0.0,1
2020-11-03,0.0101,0.0101,0.0092,0.0092,112681393.0,0.0,1
2020-11-04,0.0092,0.0096,0.0089,0.0094,186837224.0,0.0,1
2020-11-05,0.0094,0.0098,0.0092,0.0097,106675560.0,0.0,1
2020-11-06,0.0097,0.0112,0.0097,0.0112,121459485.0,0.0,1
2020-11-09,0.0111,0.0113,0.0104,0.011,100815590.0,0.0,1
2020-11-10,0.011,0.0119,0.0109,0.0116,108314647.0,0.0,1
2020-11-11,0.0116,0.0118,0.0114,0.0114,84977252.0,0.0,1
2020-11-12,0.0114,0.0116,0.0105,0.0106,111116318.0,0.0,1
2020-11-13,0.0106,0.012,0.0106,0.0118,126335276.0,0.0,1
2020-11-16,0.011,0.0114,0.0109,0.0113,86923617.0,0.0,1
2020-11-17,0.0114,0.0126,0.0114,0.0123,134980934.0,0.0,1
2020-11-18,0.0123,0.0124,0.0114,0.0118,114157136.0,0.0,1
2020-11-19,0.0118,0.0118,0.0112,0.0115,92058853.0,0.0,1
2020-11-20,0.0115,0.0121,0.0114,0.012,97147586.0,0.0,1
2020-11-23,0.0138,0.0163,0.0137,0.016,225828726.0,0.0,1
2020-11-24,0.016,0.0173,0.015,0.0161,299903264.0,0.0,1
2020-11-25,0.0161,0.0186,0.0158,0.0166,330620766.0,0.0,1
2020-11-27,0.0146,0.0154,0.0137,0.0145,181940348.0,0.0,1
2020-11-30,0.0152,0.0163,0.0149,0.016,168834435.0,0.0,1
2020-12-01,0.016,0.0164,0.0144,0.0148,169583249.0,0.0,1
2020-12-02,0.0148,0.0169,0.0145,0.0164,192625527.0,0.0,1
2020-12-03,0.0164,0.0179,0.0161,0.0174,230150041.0,0.0,1
2020-12-04,0.0174,0.0177,0.0155,0.0158,171198723.0,0.0,1
2020-12-07,0.0172,0.0185,0.0165,0.0181,239821926.0,0.0,1
2020-12-08,0.0181,0.0183,0.0161,0.0164,206426111.0,0.0,1
2020-12-09,0.0163,0.0171,0.0151,0.0168,196114387.0,0.0,1
2020-12-10,0.0168,0.0169,0.0157,0.0159,132681911.0,0.0,1
2020-12-11,0.0159,0.016,0.015,0.0156,145143480.0,0.0,1
2020-12-14,0.0165,0.0166,0.0161,0.0164,125886668.0,0.0,1
2020-12-15,0.0164,0.0169,0.0161,0.0165,132008815.0,0.0,1
2020-12-16,0.0165,0.0174,0.0162,0.0173,183501677.0,0.0,1
2020-12-17,0.0173,0.0181,0.0165,0.0171,207249390.0,0.0,1
2020-12-18,0.0171,0.0176,0.0167,0.0174,143165132.0,0.0,1
2020-12-21,0.0163,0.0165,0.0152,0.0156,150565040.0,0.0,1
2020-12-22,0.0156,0.0162,0.015,0.0159,142213567.0,0.0,1
2020-12-23,0.0159,0.016,0.012,0.0132,200364780.0,0.0,1
2020-12-24,0.0132,0.0151,0.0127,0.0149,185529576.0,0.0,1
2020-12-28,0.0165,0.0204,0.0163,0.0202,375323740.0,0.0,1
2020-12-29,0.0202,0.0213,0.0187,0.021,532783085.0,0.0,1
2020-12-30,0.0211,0.0213,0.0192,0.0203,264056953.0,0.0,1
2020-12-31,0.0202,0.0203,0.0184,0.0188,202503470.0,0.0,1
2021-01-04,0.0261,0.027,0.0215,0.0247,550104075.0,0.0,1
2021-01-05,0.0247,0.029,0.0232,0.0279,584473737.0,0.0,1
2021-01-06,0.0279,0.0322,0.0274,0.0308,693778828.0,0.0,1
2021-01-07,0.0308,0.0318,0.0281,0.0287,483671516.0,0.0,1
2021-01-08,0.0287,0.0289,0.0246,0.0274,460533295.0,0.0,1
2021-01-11,0.0272,0.0272,0.0196,0.0243,543976370.0,0.0,1
2021-01-12,0.0243,0.0257,0.0218,0.0228,356992485.0,0.0,1
2021-01-13,0.0228,0.0265,0.022,0.0261,326354830.0,0.0,1
2021-01-14,0.0261,0.0269,0.0248,0.0257,300668175.0,0.0,1
2021-01-15,0.0257,0.0268,0.023,0.0253,360334051.0,0.0,1
2021-01-19,0.0307,0.0315,0.0281,0.0292,369648075.0,0.0,1
2021-01-20,0.0292,0.0349,0.0287,0.0347,848049808.0,0.0,1
2021-01-21,0.0347,0.035,0.0276,0.028,728599501.0,0.0,1
2021-01-22,0.028,0.0325,0.0253,0.0314,554598017.0,0.0,1
2021-01-25,0.0306,0.0323,0.0296,0.0299,325266056.0,0.0,1
2021-01-26,0.0298,0.0304,0.0282,0.0294,270052220.0,0.0,1
2021-01-27,0.0294,0.0295,0.0258,0.0265,328150323.0,0.0,1
2021-01-28,0.0265,0.0284,0.026,0.0284,344444774.0,0.0,1
2021-01-29,0.0274,0.0294,0.0266,0.0279,482320158.0,0.0,1
2021-02-01,0.0254,0.0297,0.0245,0.0294,508824740.0,0.0,1
2021-02-02,0.0294,0.0296,0.0279,0.0281,350268370.0,0.0,1
2021-02-03,0.0281,0.0302,0.0281,0.0292,330702839.0,0.0,1
2021-02-04,0.0292,0.0294,0.0271,0.0277,335495298.0,0.0,1
2021-02-05,0.0277,0.0321,0.0277,0.0321,444777137.0,0.0,1
2021-02-08,0.029,0.0321,0.0285,0.0314,485714644.0,0.0,1
2021-02-09,0.0314,0.0368,0.0306,0.0353,736299741.0,0.0,1
2021-02-10,0.0353,0.0383,0.0319,0.0358,703866103.0,0.0,1
2021-02-11,0.0357,0.0431,0.0348,0.0427,860800984.0,0.0,1
2021-02-12,0.0426,0.06,0.0425,0.0547,1986922849.0,0.0,1
2021-02-16,0.051,0.0537,0.0478,0.0494,599305203.0,0.0,1
2021-02-17,0.0494,0.0538,0.0462,0.0514,687061192.0,0.0,1
2021-02-18,0.0513,0.0571,0.0513,0.0546,772619756.0,0.0,1
2021-02-19,0.0546,0.0561,0.0514,0.0536,787414485.0,0.0,1
2021-02-22,0.0548,0.0549,0.0412,0.0502,976519456.0,0.0,1
2021-02-23,0.0502,0.0503,0.0357,0.0419,1053167424.0,0.0,1
2021-02-24,0.0419,0.0464,0.0401,0.0429,649137131.0,0.0,1
2021-02-25,0.0429,0.0446,0.0392,0.0393,485891532.0,0.0,1
2021-02-26,0.0394,0.0422,0.0367,0.0395,561151314.0,0.0,1
2021-03-01,0.0397,0.0457,0.0396,0.0457,481855762.0,0.0,1
2021-03-02,0.0457,0.0465,0.0416,0.0438,433571005.0,0.0,1
2021-03-03,0.0438,0.0544,0.0433,0.0532,703838899.0,0.0,1
2021-03-04,0.0532,0.055,0.0474,0.0503,704007539.0,0.0,1
2021-03-05,0.0503,0.0534,0.0462,0.0521,365810686.0,0.0,1
2021-03-08,0.0569,0.0661,0.0558,0.0654,1055896234.0,0.0,1
2021-03-09,0.0654,0.0678,0.0624,0.0646,856921608.0,0.0,1
2021-03-10,0.0646,0.0653,0.0605,0.0614,630581774.0,0.0,1
2021-03-11,0.0614,0.0697,0.0584,0.0673,860426037.0,0.0,1
2021-03-12,0.0673,0.0724,0.0639,0.0659,920709420.0,0.0,1
2021-03-15,0.0665,0.0833,0.0661,0.0788,1807745888.0,0.0,1
2021-03-16,0.0788,0.083,0.0704,0.0744,1253273413.0,0.0,1
2021-03-17,0.0744,0.0775,0.0715,0.0766,852405744.0,0.0,1
2021-03-18,0.0766,0.0826,0.0766,0.0778,791847862.0,0.0,1
2021-03-19,0.0777,0.0858,0.0761,0.0813,857712793.0,0.0,1
2021-03-22,0.0939,0.099,0.0849,0.0889,1469340245.0,0.0,1
2021-03-23,0.0889,0.0911,0.0803,0.0835,1236240316.0,0.0,1
2021-03-24,0.0834,0.0954,0.0817,0.0854,1437149714.0,0.0,1
2021-03-25,0.0852,0.0863,0.077,0.0814,1194756884.0,0.0,1
2021-03-26,0.0814,0.0908,0.0814,0.09,931629276.0,0.0,1
2021-03-29,0.0912,0.0934,0.0888,0.0921,718265928.0,0.0,1
2021-03-30,0.0921,0.0922,0.0887,0.0897,764836215.0,0.0,1
2021-03-31,0.0897,0.0902,0.0835,0.0881,842889319.0,0.0,1
2021-04-01,0.0881,0.092,0.0875,0.089,882641053.0,0.0,1
2021-04-05,0.0941,0.1087,0.0928,0.1026,1496919428.0,0.0,1
2021-04-06,0.1024,0.1154,0.1002,0.1127,1576282193.0,0.0,1
2021-04-07,0.1122,0.121,0.0988,0.1057,1596828083.0,0.0,1
2021-04-08,0.1062,0.118,0.1054,0.1172,1040294333.0,0.0,1
2021-04-09,0.1172,0.1342,0.1164,0.1266,1614037985.0,0.0,1
2021-04-12,0.1397,0.1401,0.1272,0.1289,1360850861.0,0.0,1
2021-04-13,0.1289,0.1586,0.1289,0.153,2008988288.0,0.0,1
2021-04-14,0.1531,0.1762,0.1531,0.1687,3003006411.0,0.0,1
2021-04-15,0.1683,0.1894,0.1683,0.1766,2343016461.0,0.0,1
2021-04-16,0.1759,0.2457,0.1592,0.2381,4767793713.0,0.0,1
2021-04-19,0.2532,0.2676,0.2224,0.2293,3625884888.0,0.0,1
2021-04-20,0.2282,0.2656,0.2062,0.252,3359505569.0,0.0,1
2021-04-21,0.2511,0.2545,0.2223,0.2272,2359769963.0,0.0,1
2021-04-22,0.2261,0.235,0.1783,0.1908,3509134607.0,0.0,1
2021-04-23,0.1902,0.206,0.1333,0.2013,5799174515.0,0.0,1
2021-04-26,0.1681,0.1989,0.1654,0.1889,2640721177.0,0.0,1
2021-04-27,0.1886,0.2231,0.1853,0.2089,3067552593.0,0.0,1
2021-04-28,0.2081,0.2146,0.1878,0.1986,2494693369.0,0.0,1
2021-04-29,0.1985,0.2005,0.182,0.1914,2219882058.0,0.0,1
2021-04-30,0.1914,0.2033,0.1867,0.2011,1884403790.0,0.0,1
2021-05-03,0.2152,0.2219,0.2063,0.2108,1989302263.0,0.0,1
2021-05-04,0.2109,0.211,0.1858,0.1886,2474369356.0,0.0,1
2021-05-05,0.1877,0.2086,0.1863,0.2073,2290077819.0,0.0,1
2021-05-06,0.2073,0.2222,0.2011,0.2153,2577328385.0,0.0,1
2021-05-07,0.2157,0.2499,0.2136,0.2308,4160493194.0,0.0,1
2021-05-10,0.2338,0.2393,0.1888,0.2028,2172670700.0,0.0,1
2021-05-11,0.203,0.2133,0.1957,0.2128,2017218810.0,0.0,1
2021-05-12,0.2128,0.2148,0.1646,0.1646,2009703771.0,0.0,1
2021-05-13,0.1674,0.19,0.1584,0.1821,3086028058.0,0.0,1
2021-05-14,0.1819,0.1927,0.1777,0.1867,1690827423.0,0.0,1
2021-05-17,0.1763,0.1773,0.1492,0.158,1890934542.0,0.0,1
2021-05-18,0.1576,0.1715,0.1565,0.1621,1473736574.0,0.0,1
2021-05-19,0.1622,0.1643,0.0682,0.1077,3454702256.0,0.0,1
2021-05-20,0.1053,0.1459,0.0903,0.1318,2558614799.0,0.0,1
2021-05-21,0.1309,0.1391,0.0902,0.1087,2093678100.0,0.0,1
2021-05-24,0.0865,0.1176,0.0857,0.112,1643873627.0,0.0,1
2021-05-25,0.1125,0.1202,0.1048,0.1124,1451391633.0,0.0,1
2021-05-26,0.1128,0.1408,0.11,0.1331,1847952034.0,0.0,1
2021-05-27,0.1331,0.1357,0.1191,0.1233,1189927887.0,0.0,1
2021-05-28,0.1237,0.1252,0.1028,0.1083,1251620638.0,0.0,1
2021-06-01,0.1261,0.1295,0.1181,0.1207,982507747.0,0.0,1
2021-06-02,0.1207,0.1319,0.1173,0.1258,908164506.0,0.0,1
2021-06-03,0.1259,0.1451,0.1235,0.1427,1206422464.0,0.0,1
2021-06-04,0.1431,0.1528,0.1202,0.1293,1834673568.0,0.0,1
2021-06-07,0.1281,0.1364,0.1137,0.1144,1021288398.0,0.0,1
2021-06-08,0.1147,0.1183,0.0999,0.1135,1318667053.0,0.0,1
2021-06-09,0.113,0.12,0.1058,0.12,1119991466.0,0.0,1
2021-06-10,0.1201,0.1219,0.1094,0.1119,900627272.0,0.0,1
2021-06-11,0.112,0.1146,0.1035,0.1049,786510169.0,0.0,1
2021-06-14,0.1124,0.1166,0.1087,0.113,633678086.0,0.0,1
2021-06-15,0.1135,0.1155,0.1102,0.1135,684621996.0,0.0,1
2021-06-16,0.1114,0.1143,0.1057,0.1075,623321359.0,0.0,1
2021-06-17,0.1076,0.1115,0.1051,0.1072,532672785.0,0.0,1
2021-06-18,0.1073,0.1073,0.0965,0.0995,640121511.0,0.0,1
2021-06-21,0.0984,0.0989,0.0731,0.0737,733107112.0,0.0,1
2021-06-22,0.0734,0.0809,0.0598,0.0715,1125820074.0,0.0,1
2021-06-23,0.0716,0.0843,0.0681,0.0758,857491824.0,0.0,1
2021-06-24,0.0762,0.0831,0.0724,0.0805,683575244.0,0.0,1
2021-06-25,0.0808,0.0831,0.0712,0.0724,670392802.0,0.0,1
2021-06-28,0.078,0.0817,0.0758,0.0792,580990305.0,0.0,1
2021-06-29,0.0794,0.095,0.079,0.0898,785711460.0,0.0,1
2021-06-30,0.09,0.0943,0.0818,0.0906,716132535.0,0.0,1
2021-07-01,0.0911,0.0911,0.0827,0.0846,579426914.0,0.0,1
2021-07-02,0.0846,0.0875,0.0821,0.0867,547688477.0,0.0,1
2021-07-06,0.0833,0.087,0.0832,0.0845,534920876.0,0.0,1
2021-07-07,0.0845,0.0861,0.0833,0.0834,498619499.0,0.0,1
2021-07-08,0.0835,0.0837,0.0752,0.0762,583597655.0,0.0,1
2021-07-09,0.076,0.0782,0.0724,0.0769,501775194.0,0.0,1
2021-07-12,0.0777,0.0789,0.074,0.0752,394884814.0,0.0,1
2021-07-13,0.0751,0.0757,0.0718,0.0729,395005938.0,0.0,1
2021-07-14,0.0729,0.0737,0.0685,0.0726,448040514.0,0.0,1
2021-07-15,0.0726,0.0738,0.0677,0.0688,413616613.0,0.0,1
2021-07-16,0.069,0.0704,0.0651,0.0654,420820733.0,0.0,1
2021-07-19,0.0675,0.0677,0.0616,0.0617,384683714.0,0.0,1
2021-07-20,0.0618,0.0628,0.0563,0.0578,429875885.0,0.0,1
2021-07-21,0.0577,0.0683,0.0561,0.0659,663822914.0,0.0,1
2021-07-22,0.066,0.0689,0.0642,0.0677,547430250.0,0.0,1
2021-07-23,0.0678,0.071,0.0644,0.071,519843991.0,0.0,1
2021-07-26,0.0743,0.0896,0.0739,0.0779,1285014565.0,0.0,1
2021-07-27,0.0777,0.0872,0.0748,0.0838,927541174.0,0.0,1
2021-07-28,0.0841,0.0862,0.0805,0.0826,764150830.0,0.0,1
2021-07-29,0.0828,0.0837,0.0809,0.0825,466604459.0,0.0,1
2021-07-30,0.0826,0.086,0.0804,0.0858,641908661.0,0.0,1
2021-08-02,0.086,0.0888,0.0841,0.0862,516053095.0,0.0,1
2021-08-03,0.0862,0.0872,0.0825,0.0849,542705192.0,0.0,1
2021-08-04,0.0854,0.0904,0.084,0.0884,603915556.0,0.0,1
2021-08-05,0.0884,0.092,0.0855,0.0908,675638534.0,0.0,1
2021-08-06,0.0909,0.0976,0.0896,0.0963,750336007.0,0.0,1
2021-08-09,0.1012,0.1078,0.0971,0.106,887553193.0,0.0,1
2021-08-10,0.1058,0.1084,0.1028,0.1063,801811284.0,0.0,1
2021-08-11,0.1064,0.1177,0.1061,0.1113,1090303580.0,0.0,1
2021-08-12,0.111,0.117,0.1034,0.107,1038023259.0,0.0,1
2021-08-13,0.1073,0.1209,0.1062,0.1207,872833333.0,0.0,1
2021-08-16,0.1394,0.1442,0.1273,0.1295,1260299466.0,0.0,1
2021-08-17,0.1288,0.1357,0.1163,0.1181,1295800331.0,0.0,1
2021-08-18,0.1182,0.1277,0.1133,0.1198,1196817880.0,0.0,1
2021-08-19,0.1197,0.1302,0.1142,0.1302,1158331254.0,0.0,1
2021-08-20,0.13,0.1377,0.1282,0.1332,1143775722.0,0.0,1
2021-08-23,0.1283,0.1348,0.1274,0.1316,942771073.0,0.0,1
2021-08-24,,,,,,0.0,1
